dataset,permutation_mode,run_id,predicted_algo,ari_cal,ari_sil,stable_prediction
BreastTissue,none,0,dbscan,0.268213715336592,0.268213715336592,True
Ecoli,none,0,dbscan,0.5010894136524796,0.5010894136524796,True
Glass,none,0,dbscan,0.24529364187700725,0.24529364187700725,True
Haberman,none,0,gaussian,0.10399787130992173,0.10399787130992173,True
Iris,none,0,spectral_clustering,0.5681159420289855,0.5681159420289855,True
Parkinsons,none,0,gaussian,0.05135036104397965,0.12184138103577684,True
Transfusion,none,0,gaussian,0.01044229687583222,0.01044229687583222,True
Vehicle,none,0,spectral_clustering,0.1096799656043948,0.08690505725752318,True
VertebralColumn,none,0,dbscan,0.3668643110201198,0.3668643110201198,True
WineQualityRed,none,0,spectral_clustering,0.06106003288598606,-0.0029351829466449635,True
BreastTissue,row,0,dbscan,0.268213715336592,0.268213715336592,True
Ecoli,row,0,dbscan,0.5010894136524796,0.5010894136524796,True
Glass,row,0,dbscan,0.24529364187700725,0.24529364187700725,True
Haberman,row,0,gaussian,0.10399787130992173,0.10399787130992173,True
Iris,row,0,spectral_clustering,0.5681159420289855,0.5681159420289855,True
Parkinsons,row,0,gaussian,0.05135036104397965,0.12184138103577684,True
Transfusion,row,0,gaussian,0.019327467949960608,0.019327467949960608,True
Vehicle,row,0,spectral_clustering,0.10856510836798841,0.08690505725752318,True
VertebralColumn,row,0,dbscan,0.3668643110201198,0.3668643110201198,True
WineQualityRed,row,0,spectral_clustering,0.06106003288598606,-0.0029351829466449635,True
BreastTissue,row,1,dbscan,0.268213715336592,0.268213715336592,True
Ecoli,row,1,dbscan,0.5010894136524796,0.5010894136524796,True
Glass,row,1,dbscan,0.24529364187700725,0.24529364187700725,True
Haberman,row,1,gaussian,0.10399787130992173,0.10399787130992173,True
Iris,row,1,spectral_clustering,0.5681159420289855,0.5681159420289855,True
Parkinsons,row,1,gaussian,0.05135036104397965,0.12184138103577684,True
Transfusion,row,1,spectral_clustering,-0.02149899842678904,-0.026854671217118008,False
Vehicle,row,1,spectral_clustering,0.1096799656043948,0.08690505725752318,True
VertebralColumn,row,1,dbscan,0.3668643110201198,0.3668643110201198,True
WineQualityRed,row,1,spectral_clustering,-0.0029351829466449635,-0.0029351829466449635,True
BreastTissue,row,2,dbscan,0.268213715336592,0.268213715336592,True
Ecoli,row,2,dbscan,0.5010894136524796,0.5010894136524796,True
Glass,row,2,dbscan,0.24529364187700725,0.24529364187700725,True
Haberman,row,2,gaussian,0.10399787130992173,0.10399787130992173,True
Iris,row,2,spectral_clustering,0.5681159420289855,0.5681159420289855,True
Parkinsons,row,2,gaussian,0.05135036104397965,0.12184138103577684,True
Transfusion,row,2,gaussian,0.012535045925430276,0.013563158719914991,True
Vehicle,row,2,spectral_clustering,0.1096799656043948,0.08690505725752318,True
VertebralColumn,row,2,dbscan,0.3668643110201198,0.3668643110201198,True
WineQualityRed,row,2,spectral_clustering,0.06106003288598606,-0.0029351829466449635,True
BreastTissue,row,3,dbscan,0.268213715336592,0.268213715336592,True
Ecoli,row,3,dbscan,0.5010894136524796,0.5010894136524796,True
Glass,row,3,dbscan,0.24529364187700725,0.24529364187700725,True
Haberman,row,3,gaussian,0.10399787130992173,0.10399787130992173,True
Iris,row,3,spectral_clustering,0.5681159420289855,0.5681159420289855,True
Parkinsons,row,3,gaussian,0.05135036104397965,0.12184138103577684,True
Transfusion,row,3,gaussian,0.005762865363760484,0.005762865363760484,True
Vehicle,row,3,gaussian,0.08776256054027652,0.08776256054027652,False
VertebralColumn,row,3,dbscan,0.3668643110201198,0.3668643110201198,True
WineQualityRed,row,3,spectral_clustering,0.061689244453558036,-0.0029351829466449635,True
BreastTissue,row,4,dbscan,0.268213715336592,0.268213715336592,True
Ecoli,row,4,dbscan,0.5010894136524796,0.5010894136524796,True
Glass,row,4,dbscan,0.24529364187700725,0.24529364187700725,True
Haberman,row,4,gaussian,0.10399787130992173,0.10399787130992173,True
Iris,row,4,spectral_clustering,0.5681159420289855,0.5681159420289855,True
Parkinsons,row,4,gaussian,0.05135036104397965,0.12184138103577684,True
Transfusion,row,4,gaussian,-0.02911387807989949,-0.02911387807989949,True
Vehicle,row,4,gaussian,0.08776256054027652,0.08776256054027652,False
VertebralColumn,row,4,gaussian,0.04902833726416902,0.04902833726416902,False
WineQualityRed,row,4,spectral_clustering,0.061143485382584656,-0.0029351829466449635,True
BreastTissue,row,5,dbscan,0.268213715336592,0.268213715336592,True
Ecoli,row,5,dbscan,0.5010894136524796,0.5010894136524796,True
Glass,row,5,dbscan,0.24529364187700725,0.24529364187700725,True
Haberman,row,5,gaussian,0.10399787130992173,0.10399787130992173,True
Iris,row,5,spectral_clustering,0.5681159420289855,0.5681159420289855,True
Parkinsons,row,5,gaussian,0.05135036104397965,0.12184138103577684,True
Transfusion,row,5,gaussian,0.011331038526626626,0.011331038526626626,True
Vehicle,row,5,spectral_clustering,0.1096799656043948,0.08690505725752318,True
VertebralColumn,row,5,dbscan,0.3668643110201198,0.3668643110201198,True
WineQualityRed,row,5,spectral_clustering,0.061036518093532,-0.0029351829466449635,True
BreastTissue,row,6,dbscan,0.268213715336592,0.268213715336592,True
Ecoli,row,6,dbscan,0.49319935169270396,0.49319935169270396,True
Glass,row,6,dbscan,0.24529364187700725,0.24529364187700725,True
Haberman,row,6,gaussian,0.10399787130992173,0.10399787130992173,True
Iris,row,6,spectral_clustering,0.5681159420289855,0.5681159420289855,True
Parkinsons,row,6,gaussian,0.05135036104397965,0.12184138103577684,True
Transfusion,row,6,spectral_clustering,-0.02149899842678904,-0.020358818949656916,False
Vehicle,row,6,gaussian,0.08776256054027652,0.08776256054027652,False
VertebralColumn,row,6,gaussian,0.04902833726416902,0.04902833726416902,False
WineQualityRed,row,6,spectral_clustering,-0.0029351829466449635,-0.0029351829466449635,True
BreastTissue,row,7,dbscan,0.268213715336592,0.268213715336592,True
Ecoli,row,7,dbscan,0.49319935169270396,0.49319935169270396,True
Glass,row,7,dbscan,0.24529364187700725,0.24529364187700725,True
Haberman,row,7,spectral_clustering,-0.02407193341876831,-0.025553345806445613,False
Iris,row,7,kmedians,0.5489713200964548,0.5489713200964548,False
Parkinsons,row,7,gaussian,0.05135036104397965,0.12184138103577684,True
Transfusion,row,7,spectral_clustering,-0.029304683769106245,-0.026854671217118008,False
Vehicle,row,7,spectral_clustering,0.1096799656043948,0.08690505725752318,True
VertebralColumn,row,7,gaussian,0.04902833726416902,0.04902833726416902,False
WineQualityRed,row,7,spectral_clustering,-0.0029351829466449635,0.07158813151247184,True
BreastTissue,row,8,dbscan,0.268213715336592,0.268213715336592,True
Ecoli,row,8,dbscan,0.49319935169270396,0.49319935169270396,True
Glass,row,8,dbscan,0.24529364187700725,0.24529364187700725,True
Haberman,row,8,gaussian,0.10399787130992173,0.10399787130992173,True
Iris,row,8,spectral_clustering,0.5681159420289855,0.5681159420289855,True
Parkinsons,row,8,gaussian,0.05135036104397965,0.12184138103577684,True
Transfusion,row,8,gaussian,0.019079072554486827,0.019079072554486827,True
Vehicle,row,8,spectral_clustering,0.11081511715897753,0.08690505725752318,True
VertebralColumn,row,8,dbscan,0.3668643110201198,0.3668643110201198,True
WineQualityRed,row,8,spectral_clustering,0.06106003288598606,-0.0029351829466449635,True
BreastTissue,row,9,dbscan,0.268213715336592,0.268213715336592,True
Ecoli,row,9,dbscan,0.49319935169270396,0.49319935169270396,True
Glass,row,9,dbscan,0.24529364187700725,0.24529364187700725,True
Haberman,row,9,gaussian,0.10399787130992173,0.10399787130992173,True
Iris,row,9,spectral_clustering,0.5681159420289855,0.5681159420289855,True
Parkinsons,row,9,gaussian,0.05135036104397965,0.12184138103577684,True
Transfusion,row,9,gaussian,0.019714580264406603,0.019714580264406603,True
Vehicle,row,9,spectral_clustering,0.10856510836798841,0.08690505725752318,True
VertebralColumn,row,9,gaussian,0.04902833726416902,0.04902833726416902,False
WineQualityRed,row,9,spectral_clustering,0.06106003288598606,-0.0029351829466449635,True
BreastTissue,row,10,dbscan,0.268213715336592,0.268213715336592,True
Ecoli,row,10,dbscan,0.5010894136524796,0.5010894136524796,True
Glass,row,10,dbscan,0.24529364187700725,0.24529364187700725,True
Haberman,row,10,gaussian,0.10399787130992173,0.10399787130992173,True
Iris,row,10,spectral_clustering,0.5681159420289855,0.5681159420289855,True
Parkinsons,row,10,gaussian,0.05135036104397965,0.12184138103577684,True
Transfusion,row,10,gaussian,0.009239170955189493,0.009239170955189493,True
Vehicle,row,10,gaussian,0.08776256054027652,0.08394680625202994,False
VertebralColumn,row,10,dbscan,0.3668643110201198,0.3668643110201198,True
WineQualityRed,row,10,spectral_clustering,0.06106003288598606,-0.0029351829466449635,True
BreastTissue,row,11,dbscan,0.268213715336592,0.268213715336592,True
Ecoli,row,11,dbscan,0.5010894136524796,0.5010894136524796,True
Glass,row,11,dbscan,0.24529364187700725,0.24529364187700725,True
Haberman,row,11,gaussian,0.10399787130992173,0.10399787130992173,True
Iris,row,11,gaussian,0.5681159420289855,0.5681159420289855,False
Parkinsons,row,11,gaussian,0.05135036104397965,0.12184138103577684,True
Transfusion,row,11,gaussian,0.013172284067003453,0.013172284067003453,True
Vehicle,row,11,spectral_clustering,0.1096799656043948,0.08690505725752318,True
VertebralColumn,row,11,gaussian,0.04902833726416902,0.04902833726416902,False
WineQualityRed,row,11,gaussian,0.08284550950942081,0.0883542007348049,False
BreastTissue,row,12,dbscan,0.268213715336592,0.268213715336592,True
Ecoli,row,12,dbscan,0.49319935169270396,0.49319935169270396,True
Glass,row,12,dbscan,0.24529364187700725,0.24529364187700725,True
Haberman,row,12,gaussian,0.10399787130992173,0.10399787130992173,True
Iris,row,12,spectral_clustering,0.5681159420289855,0.5681159420289855,True
Parkinsons,row,12,gaussian,0.05135036104397965,0.12184138103577684,True
Transfusion,row,12,spectral_clustering,-0.09223772146299765,-0.026854671217118008,False
Vehicle,row,12,gaussian,0.08776256054027652,0.08776256054027652,False
VertebralColumn,row,12,gaussian,0.04902833726416902,0.04902833726416902,False
WineQualityRed,row,12,spectral_clustering,0.06106003288598606,-0.0029351829466449635,True
BreastTissue,row,13,dbscan,0.268213715336592,0.268213715336592,True
Ecoli,row,13,dbscan,0.5010894136524796,0.5010894136524796,True
Glass,row,13,dbscan,0.24529364187700725,0.24529364187700725,True
Haberman,row,13,gaussian,0.10399787130992173,0.10399787130992173,True
Iris,row,13,spectral_clustering,0.5681159420289855,0.5681159420289855,True
Parkinsons,row,13,gaussian,0.12184138103577684,0.12184138103577684,True
Transfusion,row,13,gaussian,-0.029073536943568186,0.010812988542834748,True
Vehicle,row,13,spectral_clustering,0.10856510836798841,0.08690505725752318,True
VertebralColumn,row,13,dbscan,0.3668643110201198,0.3668643110201198,True
WineQualityRed,row,13,spectral_clustering,0.061143485382584656,-0.0029351829466449635,True
BreastTissue,row,14,dbscan,0.268213715336592,0.268213715336592,True
Ecoli,row,14,dbscan,0.5010894136524796,0.5010894136524796,True
Glass,row,14,dbscan,0.24529364187700725,0.24529364187700725,True
Haberman,row,14,gaussian,0.10399787130992173,0.10399787130992173,True
Iris,row,14,spectral_clustering,0.5681159420289855,0.5681159420289855,True
Parkinsons,row,14,gaussian,0.05135036104397965,0.12184138103577684,True
Transfusion,row,14,gaussian,0.01145849467289969,0.01145849467289969,True
Vehicle,row,14,spectral_clustering,0.10856510836798841,0.08690505725752318,True
VertebralColumn,row,14,dbscan,0.3668643110201198,0.3668643110201198,True
WineQualityRed,row,14,spectral_clustering,0.061689244453558036,-0.0029351829466449635,True
BreastTissue,row,15,dbscan,0.268213715336592,0.268213715336592,True
Ecoli,row,15,dbscan,0.5010894136524796,0.5010894136524796,True
Glass,row,15,dbscan,0.24529364187700725,0.24529364187700725,True
Haberman,row,15,gaussian,0.10399787130992173,0.10399787130992173,True
Iris,row,15,spectral_clustering,0.5681159420289855,0.5681159420289855,True
Parkinsons,row,15,gaussian,0.05135036104397965,0.12184138103577684,True
Transfusion,row,15,gaussian,0.0131436064119293,0.0131436064119293,True
Vehicle,row,15,spectral_clustering,0.11081511715897753,0.08690505725752318,True
VertebralColumn,row,15,gaussian,0.04902833726416902,0.04902833726416902,False
WineQualityRed,row,15,spectral_clustering,-0.0029351829466449635,-0.0029351829466449635,True
BreastTissue,row,16,dbscan,0.268213715336592,0.268213715336592,True
Ecoli,row,16,dbscan,0.49319935169270396,0.49319935169270396,True
Glass,row,16,dbscan,0.24529364187700725,0.24529364187700725,True
Haberman,row,16,gaussian,0.10399787130992173,0.10399787130992173,True
Iris,row,16,gaussian,0.5681159420289855,0.5681159420289855,False
Parkinsons,row,16,gaussian,0.05135036104397965,0.12184138103577684,True
Transfusion,row,16,gaussian,-0.02911387807989949,-0.02911387807989949,True
Vehicle,row,16,spectral_clustering,0.1096799656043948,0.08690505725752318,True
VertebralColumn,row,16,gaussian,0.04902833726416902,0.04902833726416902,False
WineQualityRed,row,16,spectral_clustering,0.061689244453558036,-0.0029351829466449635,True
BreastTissue,row,17,dbscan,0.268213715336592,0.268213715336592,True
Ecoli,row,17,dbscan,0.5010894136524796,0.5010894136524796,True
Glass,row,17,dbscan,0.24529364187700725,0.24529364187700725,True
Haberman,row,17,gaussian,0.10399787130992173,0.10399787130992173,True
Iris,row,17,spectral_clustering,0.5681159420289855,0.5681159420289855,True
Parkinsons,row,17,gaussian,0.05135036104397965,0.12184138103577684,True
Transfusion,row,17,gaussian,0.011189467716350775,0.01839595019411951,True
Vehicle,row,17,spectral_clustering,0.1096799656043948,0.08690505725752318,True
VertebralColumn,row,17,dbscan,0.3668643110201198,0.3668643110201198,True
WineQualityRed,row,17,spectral_clustering,0.06106003288598606,-0.0029351829466449635,True
BreastTissue,row,18,dbscan,0.268213715336592,0.268213715336592,True
Ecoli,row,18,dbscan,0.5010894136524796,0.5010894136524796,True
Glass,row,18,dbscan,0.24529364187700725,0.24529364187700725,True
Haberman,row,18,gaussian,0.10399787130992173,0.10399787130992173,True
Iris,row,18,spectral_clustering,0.5681159420289855,0.5681159420289855,True
Parkinsons,row,18,gaussian,0.05135036104397965,0.12184138103577684,True
Transfusion,row,18,gaussian,0.012746590431894148,0.012746590431894148,True
Vehicle,row,18,spectral_clustering,0.1096799656043948,0.08690505725752318,True
VertebralColumn,row,18,dbscan,0.3668643110201198,0.3668643110201198,True
WineQualityRed,row,18,gaussian,0.08671028813130968,0.08807595659400623,False
BreastTissue,row,19,dbscan,0.268213715336592,0.268213715336592,True
Ecoli,row,19,dbscan,0.5010894136524796,0.5010894136524796,True
Glass,row,19,dbscan,0.24529364187700725,0.24529364187700725,True
Haberman,row,19,gaussian,0.10399787130992173,0.10399787130992173,True
Iris,row,19,spectral_clustering,0.5681159420289855,0.5681159420289855,True
Parkinsons,row,19,gaussian,0.05135036104397965,0.12184138103577684,True
Transfusion,row,19,gaussian,0.011549678579293277,0.011549678579293277,True
Vehicle,row,19,spectral_clustering,0.1096799656043948,0.08690505725752318,True
VertebralColumn,row,19,dbscan,0.3668643110201198,0.3668643110201198,True
WineQualityRed,row,19,spectral_clustering,0.06106003288598606,0.07158813151247184,True
BreastTissue,row,20,dbscan,0.268213715336592,0.268213715336592,True
Ecoli,row,20,dbscan,0.49319935169270396,0.49319935169270396,True
Glass,row,20,dbscan,0.24529364187700725,0.24529364187700725,True
Haberman,row,20,gaussian,0.10399787130992173,0.10399787130992173,True
Iris,row,20,spectral_clustering,0.5681159420289855,0.5681159420289855,True
Parkinsons,row,20,gaussian,0.05135036104397965,0.12184138103577684,True
Transfusion,row,20,gaussian,0.012850324632118678,0.022035018193995032,True
Vehicle,row,20,spectral_clustering,0.10856510836798841,0.08690505725752318,True
VertebralColumn,row,20,gaussian,0.04902833726416902,0.04902833726416902,False
WineQualityRed,row,20,spectral_clustering,0.061689244453558036,-0.0029351829466449635,True
BreastTissue,row,21,dbscan,0.268213715336592,0.268213715336592,True
Ecoli,row,21,dbscan,0.49319935169270396,0.49319935169270396,True
Glass,row,21,dbscan,0.24529364187700725,0.24529364187700725,True
Haberman,row,21,gaussian,0.10399787130992173,0.10399787130992173,True
Iris,row,21,spectral_clustering,0.5681159420289855,0.5681159420289855,True
Parkinsons,row,21,gaussian,0.05135036104397965,0.12184138103577684,True
Transfusion,row,21,gaussian,0.01664536130480172,0.01664536130480172,True
Vehicle,row,21,gaussian,0.08776256054027652,0.08776256054027652,False
VertebralColumn,row,21,dbscan,0.3668643110201198,0.3668643110201198,True
WineQualityRed,row,21,spectral_clustering,0.06106003288598606,-0.0029351829466449635,True
BreastTissue,row,22,dbscan,0.268213715336592,0.268213715336592,True
Ecoli,row,22,dbscan,0.5010894136524796,0.5010894136524796,True
Glass,row,22,dbscan,0.24529364187700725,0.24529364187700725,True
Haberman,row,22,gaussian,0.10399787130992173,0.10399787130992173,True
Iris,row,22,spectral_clustering,0.5681159420289855,0.5681159420289855,True
Parkinsons,row,22,gaussian,0.05135036104397965,0.12184138103577684,True
Transfusion,row,22,gaussian,0.019793243405764268,0.019793243405764268,True
Vehicle,row,22,spectral_clustering,0.11081511715897753,0.08690505725752318,True
VertebralColumn,row,22,dbscan,0.3668643110201198,0.3668643110201198,True
WineQualityRed,row,22,spectral_clustering,0.06106003288598606,-0.0029351829466449635,True
BreastTissue,row,23,dbscan,0.268213715336592,0.268213715336592,True
Ecoli,row,23,dbscan,0.49319935169270396,0.49319935169270396,True
Glass,row,23,dbscan,0.24529364187700725,0.24529364187700725,True
Haberman,row,23,gaussian,0.10399787130992173,0.10399787130992173,True
Iris,row,23,spectral_clustering,0.5681159420289855,0.5681159420289855,True
Parkinsons,row,23,gaussian,0.05135036104397965,0.12184138103577684,True
Transfusion,row,23,gaussian,0.017762898300859378,0.017762898300859378,True
Vehicle,row,23,spectral_clustering,0.1096799656043948,0.08690505725752318,True
VertebralColumn,row,23,gaussian,0.04902833726416902,0.04902833726416902,False
WineQualityRed,row,23,spectral_clustering,0.06154148152145625,-0.0029351829466449635,True
BreastTissue,row,24,dbscan,0.268213715336592,0.268213715336592,True
Ecoli,row,24,dbscan,0.49319935169270396,0.49319935169270396,True
Glass,row,24,dbscan,0.24529364187700725,0.24529364187700725,True
Haberman,row,24,gaussian,0.10399787130992173,0.10399787130992173,True
Iris,row,24,gaussian,0.5681159420289855,0.5681159420289855,False
Parkinsons,row,24,gaussian,0.05135036104397965,0.12184138103577684,True
Transfusion,row,24,gaussian,0.017840578516757563,0.017840578516757563,True
Vehicle,row,24,dbscan,0.10077037572751334,0.10077037572751334,False
VertebralColumn,row,24,dbscan,0.3668643110201198,0.3668643110201198,True
WineQualityRed,row,24,spectral_clustering,0.062012337760858655,-0.0029351829466449635,True
BreastTissue,row,25,dbscan,0.268213715336592,0.268213715336592,True
Ecoli,row,25,dbscan,0.49319935169270396,0.49319935169270396,True
Glass,row,25,dbscan,0.24529364187700725,0.24529364187700725,True
Haberman,row,25,gaussian,0.10399787130992173,0.10399787130992173,True
Iris,row,25,spectral_clustering,0.5681159420289855,0.5681159420289855,True
Parkinsons,row,25,gaussian,0.05135036104397965,0.12184138103577684,True
Transfusion,row,25,gaussian,0.01926322380955447,0.018895347149479692,True
Vehicle,row,25,spectral_clustering,0.10856510836798841,0.08690505725752318,True
VertebralColumn,row,25,dbscan,0.3668643110201198,0.3668643110201198,True
WineQualityRed,row,25,spectral_clustering,0.06106003288598606,-0.0029351829466449635,True
BreastTissue,row,26,dbscan,0.268213715336592,0.268213715336592,True
Ecoli,row,26,dbscan,0.5010894136524796,0.5010894136524796,True
Glass,row,26,dbscan,0.24529364187700725,0.24529364187700725,True
Haberman,row,26,gaussian,0.04246720912623859,0.10399787130992173,True
Iris,row,26,spectral_clustering,0.5681159420289855,0.5681159420289855,True
Parkinsons,row,26,gaussian,0.05135036104397965,0.12184138103577684,True
Transfusion,row,26,gaussian,0.017568774985556333,0.029992112952927013,True
Vehicle,row,26,spectral_clustering,0.10856510836798841,0.08690505725752318,True
VertebralColumn,row,26,dbscan,0.3668643110201198,0.3668643110201198,True
WineQualityRed,row,26,gaussian,0.08527776946103315,0.08889132369777342,False
BreastTissue,row,27,dbscan,0.268213715336592,0.268213715336592,True
Ecoli,row,27,dbscan,0.49319935169270396,0.49319935169270396,True
Glass,row,27,dbscan,0.24529364187700725,0.24529364187700725,True
Haberman,row,27,gaussian,0.10399787130992173,0.10399787130992173,True
Iris,row,27,gaussian,0.5681159420289855,0.5681159420289855,False
Parkinsons,row,27,gaussian,0.05135036104397965,0.12184138103577684,True
Transfusion,row,27,gaussian,0.013296599413635821,0.013296599413635821,True
Vehicle,row,27,spectral_clustering,0.11081511715897753,0.08690505725752318,True
VertebralColumn,row,27,gaussian,0.04902833726416902,0.04902833726416902,False
WineQualityRed,row,27,spectral_clustering,-0.0029351829466449635,-0.0029351829466449635,True
BreastTissue,row,28,dbscan,0.268213715336592,0.268213715336592,True
Ecoli,row,28,dbscan,0.5010894136524796,0.5010894136524796,True
Glass,row,28,dbscan,0.24529364187700725,0.24529364187700725,True
Haberman,row,28,gaussian,0.10399787130992173,0.10399787130992173,True
Iris,row,28,spectral_clustering,0.5681159420289855,0.5681159420289855,True
Parkinsons,row,28,gaussian,0.05135036104397965,0.12184138103577684,True
Transfusion,row,28,spectral_clustering,-0.02860256301549725,-0.026854671217118008,False
Vehicle,row,28,spectral_clustering,0.10856510836798841,0.08690505725752318,True
VertebralColumn,row,28,gaussian,0.04902833726416902,0.04902833726416902,False
WineQualityRed,row,28,spectral_clustering,0.06042220707073048,-0.0029351829466449635,True
BreastTissue,row,29,dbscan,0.268213715336592,0.268213715336592,True
Ecoli,row,29,dbscan,0.5010894136524796,0.5010894136524796,True
Glass,row,29,dbscan,0.24529364187700725,0.24529364187700725,True
Haberman,row,29,gaussian,0.10399787130992173,0.10399787130992173,True
Iris,row,29,spectral_clustering,0.5681159420289855,0.5681159420289855,True
Parkinsons,row,29,gaussian,0.05135036104397965,0.12184138103577684,True
Transfusion,row,29,gaussian,0.01752187225112109,0.01752187225112109,True
Vehicle,row,29,gaussian,0.08776256054027652,0.08776256054027652,False
VertebralColumn,row,29,dbscan,0.3668643110201198,0.3668643110201198,True
WineQualityRed,row,29,spectral_clustering,0.06106003288598606,-0.0029351829466449635,True
BreastTissue,column,0,dbscan,0.268213715336592,0.268213715336592,True
Ecoli,column,0,dbscan,0.5010894136524796,0.5010894136524796,True
Glass,column,0,dbscan,0.24529364187700725,0.24529364187700725,True
Haberman,column,0,gaussian,0.10399787130992173,0.10399787130992173,True
Iris,column,0,spectral_clustering,0.5681159420289855,0.5681159420289855,True
Parkinsons,column,0,gaussian,0.05135036104397965,0.12184138103577684,True
Transfusion,column,0,gaussian,0.01044229687583222,0.01044229687583222,True
Vehicle,column,0,gaussian,0.08776256054027652,0.08880786174476929,False
VertebralColumn,column,0,dbscan,0.3668643110201198,0.3668643110201198,True
WineQualityRed,column,0,spectral_clustering,0.06106003288598606,-0.0029351829466449635,True
BreastTissue,column,1,dbscan,0.268213715336592,0.268213715336592,True
Ecoli,column,1,dbscan,0.5010894136524796,0.5010894136524796,True
Glass,column,1,dbscan,0.24529364187700725,0.24529364187700725,True
Haberman,column,1,gaussian,0.03888237892048027,0.10399787130992173,True
Iris,column,1,spectral_clustering,0.5681159420289855,0.5681159420289855,True
Parkinsons,column,1,gaussian,0.05135036104397965,0.12184138103577684,True
Transfusion,column,1,gaussian,0.01902872054821675,0.01902872054821675,True
Vehicle,column,1,spectral_clustering,0.10856510836798841,0.08690505725752318,True
VertebralColumn,column,1,gaussian,0.04902833726416902,0.04902833726416902,False
WineQualityRed,column,1,gaussian,0.08489806543611617,0.08849699268464407,False
BreastTissue,column,2,dbscan,0.268213715336592,0.268213715336592,True
Ecoli,column,2,dbscan,0.5010894136524796,0.5010894136524796,True
Glass,column,2,dbscan,0.24529364187700725,0.24529364187700725,True
Haberman,column,2,gaussian,0.10399787130992173,0.10399787130992173,True
Iris,column,2,spectral_clustering,0.5681159420289855,0.5681159420289855,True
Parkinsons,column,2,gaussian,0.05135036104397965,0.12184138103577684,True
Transfusion,column,2,gaussian,0.020483257207088195,0.020483257207088195,True
Vehicle,column,2,spectral_clustering,0.11081511715897753,0.08690505725752318,True
VertebralColumn,column,2,gaussian,0.04902833726416902,0.04902833726416902,False
WineQualityRed,column,2,spectral_clustering,0.061689244453558036,-0.0029351829466449635,True
BreastTissue,column,3,dbscan,0.268213715336592,0.268213715336592,True
Ecoli,column,3,dbscan,0.5010894136524796,0.5010894136524796,True
Glass,column,3,dbscan,0.24529364187700725,0.24529364187700725,True
Haberman,column,3,gaussian,0.10399787130992173,0.10399787130992173,True
Iris,column,3,spectral_clustering,0.5681159420289855,0.5681159420289855,True
Parkinsons,column,3,gaussian,0.05135036104397965,0.12184138103577684,True
Transfusion,column,3,gaussian,0.01499787784329429,0.011189467716350775,True
Vehicle,column,3,gaussian,0.08776256054027652,0.08880786174476929,False
VertebralColumn,column,3,dbscan,0.3668643110201198,0.3668643110201198,True
WineQualityRed,column,3,spectral_clustering,0.06106003288598606,-0.0029351829466449635,True
BreastTissue,column,4,dbscan,0.268213715336592,0.268213715336592,True
Ecoli,column,4,dbscan,0.5010894136524796,0.5010894136524796,True
Glass,column,4,dbscan,0.24529364187700725,0.24529364187700725,True
Haberman,column,4,gaussian,0.10399787130992173,0.10399787130992173,True
Iris,column,4,spectral_clustering,0.5681159420289855,0.5681159420289855,True
Parkinsons,column,4,gaussian,0.05135036104397965,0.12184138103577684,True
Transfusion,column,4,gaussian,0.01241862261862157,0.019714580264406603,True
Vehicle,column,4,gaussian,0.08776256054027652,0.08776256054027652,False
VertebralColumn,column,4,dbscan,0.3668643110201198,0.3668643110201198,True
WineQualityRed,column,4,spectral_clustering,0.06106003288598606,-0.0029351829466449635,True
BreastTissue,column,5,dbscan,0.268213715336592,0.268213715336592,True
Ecoli,column,5,dbscan,0.5010894136524796,0.5010894136524796,True
Glass,column,5,dbscan,0.24529364187700725,0.24529364187700725,True
Haberman,column,5,gaussian,0.10399787130992173,0.10399787130992173,True
Iris,column,5,spectral_clustering,0.5681159420289855,0.5681159420289855,True
Parkinsons,column,5,gaussian,0.05135036104397965,0.12184138103577684,True
Transfusion,column,5,gaussian,0.010176274224782011,0.009931789896098319,True
Vehicle,column,5,gaussian,0.08776256054027652,0.08776256054027652,False
VertebralColumn,column,5,dbscan,0.3668643110201198,0.3668643110201198,True
WineQualityRed,column,5,spectral_clustering,0.06106003288598606,-0.0029351829466449635,True
BreastTissue,column,6,dbscan,0.268213715336592,0.268213715336592,True
Ecoli,column,6,gaussian,0.6737653766224536,0.6737653766224536,False
Glass,column,6,dbscan,0.24529364187700725,0.24529364187700725,True
Haberman,column,6,gaussian,0.10399787130992173,0.10399787130992173,True
Iris,column,6,spectral_clustering,0.5681159420289855,0.5681159420289855,True
Parkinsons,column,6,gaussian,0.05135036104397965,0.12184138103577684,True
Transfusion,column,6,gaussian,0.016987465510553176,0.016987465510553176,True
Vehicle,column,6,spectral_clustering,0.10856510836798841,0.08690505725752318,True
VertebralColumn,column,6,dbscan,0.3668643110201198,0.3668643110201198,True
WineQualityRed,column,6,spectral_clustering,0.06106003288598606,-0.0029351829466449635,True
BreastTissue,column,7,dbscan,0.268213715336592,0.268213715336592,True
Ecoli,column,7,gaussian,0.6259349607869744,0.040319775816350135,False
Glass,column,7,dbscan,0.24529364187700725,0.24529364187700725,True
Haberman,column,7,gaussian,0.10399787130992173,0.10399787130992173,True
Iris,column,7,spectral_clustering,0.5681159420289855,0.5681159420289855,True
Parkinsons,column,7,gaussian,0.05135036104397965,0.12184138103577684,True
Transfusion,column,7,gaussian,0.017762898300859378,0.017762898300859378,True
Vehicle,column,7,spectral_clustering,0.1096799656043948,0.08690505725752318,True
VertebralColumn,column,7,dbscan,0.3668643110201198,0.3668643110201198,True
WineQualityRed,column,7,spectral_clustering,0.06161302325921006,-0.0029351829466449635,True
BreastTissue,column,8,dbscan,0.268213715336592,0.268213715336592,True
Ecoli,column,8,dbscan,0.5010894136524796,0.5010894136524796,True
Glass,column,8,dbscan,0.24529364187700725,0.24529364187700725,True
Haberman,column,8,gaussian,0.10399787130992173,0.10399787130992173,True
Iris,column,8,spectral_clustering,0.5681159420289855,0.5681159420289855,True
Parkinsons,column,8,gaussian,0.12184138103577684,0.12184138103577684,True
Transfusion,column,8,gaussian,0.024575142378689418,0.024575142378689418,True
Vehicle,column,8,spectral_clustering,0.11081511715897753,0.08690505725752318,True
VertebralColumn,column,8,dbscan,0.3668643110201198,0.3668643110201198,True
WineQualityRed,column,8,spectral_clustering,0.06106003288598606,-0.0029351829466449635,True
BreastTissue,column,9,dbscan,0.268213715336592,0.268213715336592,True
Ecoli,column,9,dbscan,0.5010894136524796,0.5010894136524796,True
Glass,column,9,dbscan,0.24529364187700725,0.24529364187700725,True
Haberman,column,9,gaussian,0.10399787130992173,0.10399787130992173,True
Iris,column,9,spectral_clustering,0.5681159420289855,0.5681159420289855,True
Parkinsons,column,9,gaussian,0.05135036104397965,0.12184138103577684,True
Transfusion,column,9,gaussian,0.01567253681838784,0.01567253681838784,True
Vehicle,column,9,spectral_clustering,0.1096799656043948,0.08690505725752318,True
VertebralColumn,column,9,dbscan,0.3668643110201198,0.3668643110201198,True
WineQualityRed,column,9,spectral_clustering,0.061689244453558036,-0.0029351829466449635,True
BreastTissue,column,10,dbscan,0.268213715336592,0.268213715336592,True
Ecoli,column,10,dbscan,0.5010894136524796,0.5010894136524796,True
Glass,column,10,dbscan,0.24529364187700725,0.24529364187700725,True
Haberman,column,10,gaussian,0.10399787130992173,0.10399787130992173,True
Iris,column,10,spectral_clustering,0.5681159420289855,0.5681159420289855,True
Parkinsons,column,10,gaussian,0.05135036104397965,0.12184138103577684,True
Transfusion,column,10,gaussian,0.012929986810749307,0.012929986810749307,True
Vehicle,column,10,spectral_clustering,0.10856510836798841,0.08690505725752318,True
VertebralColumn,column,10,gaussian,0.04902833726416902,0.04902833726416902,False
WineQualityRed,column,10,spectral_clustering,0.06098126046497383,-0.0029351829466449635,True
BreastTissue,column,11,dbscan,0.268213715336592,0.268213715336592,True
Ecoli,column,11,gaussian,0.6259349607869744,0.03797812133245865,False
Glass,column,11,dbscan,0.24529364187700725,0.24529364187700725,True
Haberman,column,11,gaussian,0.10399787130992173,0.10399787130992173,True
Iris,column,11,spectral_clustering,0.5681159420289855,0.5681159420289855,True
Parkinsons,column,11,gaussian,0.05135036104397965,0.12184138103577684,True
Transfusion,column,11,gaussian,0.019083771839119683,0.017762898300859378,True
Vehicle,column,11,spectral_clustering,0.10856510836798841,0.08690505725752318,True
VertebralColumn,column,11,dbscan,0.3668643110201198,0.3668643110201198,True
WineQualityRed,column,11,spectral_clustering,0.06033755049303548,-0.0029351829466449635,True
BreastTissue,column,12,dbscan,0.268213715336592,0.268213715336592,True
Ecoli,column,12,dbscan,0.5010894136524796,0.5010894136524796,True
Glass,column,12,dbscan,0.24529364187700725,0.24529364187700725,True
Haberman,column,12,gaussian,0.10399787130992173,0.10399787130992173,True
Iris,column,12,spectral_clustering,0.5681159420289855,0.5681159420289855,True
Parkinsons,column,12,gaussian,0.05135036104397965,0.12184138103577684,True
Transfusion,column,12,gaussian,0.008656553913040965,0.008656553913040965,True
Vehicle,column,12,gaussian,0.08776256054027652,0.08776256054027652,False
VertebralColumn,column,12,gaussian,0.04902833726416902,0.04902833726416902,False
WineQualityRed,column,12,gaussian,0.06092055309811638,0.08807595659400623,False
BreastTissue,column,13,dbscan,0.268213715336592,0.268213715336592,True
Ecoli,column,13,dbscan,0.5010894136524796,0.5010894136524796,True
Glass,column,13,dbscan,0.24529364187700725,0.24529364187700725,True
Haberman,column,13,gaussian,0.10399787130992173,0.10399787130992173,True
Iris,column,13,spectral_clustering,0.5681159420289855,0.5681159420289855,True
Parkinsons,column,13,gaussian,0.12184138103577684,0.12184138103577684,True
Transfusion,column,13,gaussian,0.011622166563255563,0.011622166563255563,True
Vehicle,column,13,spectral_clustering,0.10856510836798841,0.08690505725752318,True
VertebralColumn,column,13,gaussian,0.04902833726416902,0.04902833726416902,False
WineQualityRed,column,13,gaussian,0.07855636242644243,0.08807595659400623,False
BreastTissue,column,14,dbscan,0.268213715336592,0.268213715336592,True
Ecoli,column,14,dbscan,0.5010894136524796,0.5010894136524796,True
Glass,column,14,dbscan,0.24529364187700725,0.24529364187700725,True
Haberman,column,14,gaussian,0.10399787130992173,0.10399787130992173,True
Iris,column,14,spectral_clustering,0.5681159420289855,0.5681159420289855,True
Parkinsons,column,14,gaussian,0.05135036104397965,0.12184138103577684,True
Transfusion,column,14,gaussian,0.024641398909509702,0.024641398909509702,True
Vehicle,column,14,spectral_clustering,0.1096799656043948,0.08690505725752318,True
VertebralColumn,column,14,gaussian,0.04902833726416902,0.04902833726416902,False
WineQualityRed,column,14,spectral_clustering,0.06161302325921006,-0.0029351829466449635,True
BreastTissue,column,15,dbscan,0.268213715336592,0.268213715336592,True
Ecoli,column,15,dbscan,0.5010894136524796,0.5010894136524796,True
Glass,column,15,dbscan,0.24529364187700725,0.24529364187700725,True
Haberman,column,15,gaussian,0.10399787130992173,0.10399787130992173,True
Iris,column,15,spectral_clustering,0.5681159420289855,0.5681159420289855,True
Parkinsons,column,15,gaussian,0.05135036104397965,0.12184138103577684,True
Transfusion,column,15,gaussian,0.02097321493121303,0.02097321493121303,True
Vehicle,column,15,spectral_clustering,0.10856510836798841,0.08690505725752318,True
VertebralColumn,column,15,gaussian,0.04902833726416902,0.04902833726416902,False
WineQualityRed,column,15,gaussian,0.07156361403198366,0.08849699268464407,False
BreastTissue,column,16,dbscan,0.268213715336592,0.268213715336592,True
Ecoli,column,16,dbscan,0.5010894136524796,0.5010894136524796,True
Glass,column,16,dbscan,0.24529364187700725,0.24529364187700725,True
Haberman,column,16,gaussian,0.10399787130992173,0.10399787130992173,True
Iris,column,16,spectral_clustering,0.5681159420289855,0.5681159420289855,True
Parkinsons,column,16,gaussian,0.05135036104397965,0.12184138103577684,True
Transfusion,column,16,gaussian,0.020253042721931604,0.020253042721931604,True
Vehicle,column,16,gaussian,0.08776256054027652,0.08776256054027652,False
VertebralColumn,column,16,dbscan,0.3668643110201198,0.3668643110201198,True
WineQualityRed,column,16,ward,0.01569950503278266,0.01569950503278266,False
BreastTissue,column,17,dbscan,0.268213715336592,0.268213715336592,True
Ecoli,column,17,gaussian,0.6737653766224536,0.03797812133245865,False
Glass,column,17,dbscan,0.24529364187700725,0.24529364187700725,True
Haberman,column,17,gaussian,0.10399787130992173,0.10399787130992173,True
Iris,column,17,spectral_clustering,0.5681159420289855,0.5681159420289855,True
Parkinsons,column,17,gaussian,0.05135036104397965,0.12184138103577684,True
Transfusion,column,17,gaussian,0.020148715617592308,0.020148715617592308,True
Vehicle,column,17,spectral_clustering,0.10856510836798841,0.08690505725752318,True
VertebralColumn,column,17,dbscan,0.3668643110201198,0.3668643110201198,True
WineQualityRed,column,17,gaussian,0.0831187412151008,0.08807595659400623,False
BreastTissue,column,18,dbscan,0.268213715336592,0.268213715336592,True
Ecoli,column,18,dbscan,0.5010894136524796,0.5010894136524796,True
Glass,column,18,dbscan,0.24529364187700725,0.24529364187700725,True
Haberman,column,18,gaussian,0.10399787130992173,0.10399787130992173,True
Iris,column,18,spectral_clustering,0.5681159420289855,0.5681159420289855,True
Parkinsons,column,18,gaussian,0.05135036104397965,0.12184138103577684,True
Transfusion,column,18,gaussian,0.022223602512614366,0.022223602512614366,True
Vehicle,column,18,spectral_clustering,0.10856510836798841,0.08690505725752318,True
VertebralColumn,column,18,gaussian,0.04902833726416902,0.04902833726416902,False
WineQualityRed,column,18,gaussian,0.07156361403198366,0.08849699268464407,False
BreastTissue,column,19,dbscan,0.268213715336592,0.268213715336592,True
Ecoli,column,19,dbscan,0.5010894136524796,0.5010894136524796,True
Glass,column,19,dbscan,0.24529364187700725,0.24529364187700725,True
Haberman,column,19,gaussian,0.10399787130992173,0.10399787130992173,True
Iris,column,19,spectral_clustering,0.5681159420289855,0.5681159420289855,True
Parkinsons,column,19,gaussian,0.05135036104397965,0.12184138103577684,True
Transfusion,column,19,gaussian,0.01752830290303354,0.01752830290303354,True
Vehicle,column,19,spectral_clustering,0.10856510836798841,0.08690505725752318,True
VertebralColumn,column,19,dbscan,0.3668643110201198,0.3668643110201198,True
WineQualityRed,column,19,spectral_clustering,-0.0029351829466449635,-0.0029351829466449635,True
BreastTissue,column,20,dbscan,0.268213715336592,0.268213715336592,True
Ecoli,column,20,gaussian,0.6737653766224536,0.03797812133245865,False
Glass,column,20,dbscan,0.24529364187700725,0.24529364187700725,True
Haberman,column,20,gaussian,0.10399787130992173,0.10399787130992173,True
Iris,column,20,spectral_clustering,0.5681159420289855,0.5681159420289855,True
Parkinsons,column,20,gaussian,0.05135036104397965,0.12184138103577684,True
Transfusion,column,20,gaussian,-0.02911387807989949,0.0027555571410476745,True
Vehicle,column,20,spectral_clustering,0.1096799656043948,0.08690505725752318,True
VertebralColumn,column,20,dbscan,0.3668643110201198,0.3668643110201198,True
WineQualityRed,column,20,spectral_clustering,0.06106003288598606,-0.0029351829466449635,True
BreastTissue,column,21,dbscan,0.268213715336592,0.268213715336592,True
Ecoli,column,21,dbscan,0.5010894136524796,0.5010894136524796,True
Glass,column,21,dbscan,0.24529364187700725,0.24529364187700725,True
Haberman,column,21,gaussian,0.10399787130992173,0.10399787130992173,True
Iris,column,21,spectral_clustering,0.5681159420289855,0.5681159420289855,True
Parkinsons,column,21,gaussian,0.12184138103577684,0.12184138103577684,True
Transfusion,column,21,gaussian,0.020686902787069174,0.020401146736413602,True
Vehicle,column,21,gaussian,0.08776256054027652,0.08776256054027652,False
VertebralColumn,column,21,gaussian,0.04902833726416902,0.04902833726416902,False
WineQualityRed,column,21,gaussian,0.05756621952049193,0.0883542007348049,False
BreastTissue,column,22,dbscan,0.268213715336592,0.268213715336592,True
Ecoli,column,22,dbscan,0.5010894136524796,0.5010894136524796,True
Glass,column,22,dbscan,0.24529364187700725,0.24529364187700725,True
Haberman,column,22,gaussian,0.10399787130992173,0.10399787130992173,True
Iris,column,22,spectral_clustering,0.5681159420289855,0.5681159420289855,True
Parkinsons,column,22,gaussian,0.05135036104397965,0.12184138103577684,True
Transfusion,column,22,gaussian,0.01701343235416696,0.006059946704443676,True
Vehicle,column,22,spectral_clustering,0.10856510836798841,0.08690505725752318,True
VertebralColumn,column,22,gaussian,0.04902833726416902,0.04902833726416902,False
WineQualityRed,column,22,spectral_clustering,-0.0029351829466449635,-0.0029351829466449635,True
BreastTissue,column,23,dbscan,0.268213715336592,0.268213715336592,True
Ecoli,column,23,dbscan,0.5010894136524796,0.5010894136524796,True
Glass,column,23,dbscan,0.24529364187700725,0.24529364187700725,True
Haberman,column,23,gaussian,0.10399787130992173,0.10399787130992173,True
Iris,column,23,spectral_clustering,0.5681159420289855,0.5681159420289855,True
Parkinsons,column,23,gaussian,0.05135036104397965,0.12184138103577684,True
Transfusion,column,23,gaussian,0.009172704491548582,0.009172704491548582,True
Vehicle,column,23,spectral_clustering,0.1096799656043948,0.08690505725752318,True
VertebralColumn,column,23,gaussian,0.04902833726416902,0.04902833726416902,False
WineQualityRed,column,23,spectral_clustering,0.06106003288598606,-0.0029351829466449635,True
BreastTissue,column,24,dbscan,0.268213715336592,0.268213715336592,True
Ecoli,column,24,dbscan,0.5010894136524796,0.5010894136524796,True
Glass,column,24,dbscan,0.24529364187700725,0.24529364187700725,True
Haberman,column,24,gaussian,0.03735651529972785,0.10399787130992173,True
Iris,column,24,spectral_clustering,0.5681159420289855,0.5681159420289855,True
Parkinsons,column,24,gaussian,0.05135036104397965,0.12184138103577684,True
Transfusion,column,24,gaussian,0.024042842818780042,0.024042842818780042,True
Vehicle,column,24,spectral_clustering,0.11081511715897753,0.08690505725752318,True
VertebralColumn,column,24,gaussian,0.04902833726416902,0.04902833726416902,False
WineQualityRed,column,24,gaussian,0.07156361403198366,0.08849699268464407,False
BreastTissue,column,25,dbscan,0.268213715336592,0.268213715336592,True
Ecoli,column,25,spectral_clustering,0.3759664033722417,0.3759664033722417,False
Glass,column,25,dbscan,0.24529364187700725,0.24529364187700725,True
Haberman,column,25,gaussian,0.10399787130992173,0.10399787130992173,True
Iris,column,25,spectral_clustering,0.5681159420289855,0.5681159420289855,True
Parkinsons,column,25,gaussian,0.05135036104397965,0.12184138103577684,True
Transfusion,column,25,gaussian,0.0027028729858372936,0.0027028729858372936,True
Vehicle,column,25,spectral_clustering,0.10856510836798841,0.08690505725752318,True
VertebralColumn,column,25,dbscan,0.3668643110201198,0.3668643110201198,True
WineQualityRed,column,25,spectral_clustering,0.06106003288598606,-0.0029351829466449635,True
BreastTissue,column,26,dbscan,0.268213715336592,0.268213715336592,True
Ecoli,column,26,dbscan,0.5010894136524796,0.5010894136524796,True
Glass,column,26,dbscan,0.24529364187700725,0.24529364187700725,True
Haberman,column,26,gaussian,0.08350508883239514,0.10399787130992173,True
Iris,column,26,spectral_clustering,0.5681159420289855,0.5681159420289855,True
Parkinsons,column,26,gaussian,0.05135036104397965,0.12184138103577684,True
Transfusion,column,26,gaussian,0.01752830290303354,0.01752830290303354,True
Vehicle,column,26,spectral_clustering,0.1096799656043948,0.08690505725752318,True
VertebralColumn,column,26,dbscan,0.3668643110201198,0.3668643110201198,True
WineQualityRed,column,26,spectral_clustering,0.06161302325921006,-0.0029351829466449635,True
BreastTissue,column,27,dbscan,0.268213715336592,0.268213715336592,True
Ecoli,column,27,dbscan,0.5010894136524796,0.5010894136524796,True
Glass,column,27,dbscan,0.24529364187700725,0.24529364187700725,True
Haberman,column,27,gaussian,0.10399787130992173,0.10399787130992173,True
Iris,column,27,spectral_clustering,0.5681159420289855,0.5681159420289855,True
Parkinsons,column,27,gaussian,0.05135036104397965,0.12184138103577684,True
Transfusion,column,27,gaussian,0.01013032442476506,0.01013032442476506,True
Vehicle,column,27,gaussian,0.08776256054027652,0.08776256054027652,False
VertebralColumn,column,27,dbscan,0.3668643110201198,0.3668643110201198,True
WineQualityRed,column,27,spectral_clustering,0.06106003288598606,-0.0029351829466449635,True
BreastTissue,column,28,dbscan,0.268213715336592,0.268213715336592,True
Ecoli,column,28,dbscan,0.5010894136524796,0.5010894136524796,True
Glass,column,28,dbscan,0.24529364187700725,0.24529364187700725,True
Haberman,column,28,gaussian,0.10399787130992173,0.10399787130992173,True
Iris,column,28,spectral_clustering,0.5681159420289855,0.5681159420289855,True
Parkinsons,column,28,gaussian,0.05135036104397965,0.12184138103577684,True
Transfusion,column,28,gaussian,0.014792021575520278,0.01676460062529058,True
Vehicle,column,28,gaussian,0.08776256054027652,0.08776256054027652,False
VertebralColumn,column,28,dbscan,0.3668643110201198,0.3668643110201198,True
WineQualityRed,column,28,spectral_clustering,-0.0029351829466449635,-0.0029351829466449635,True
BreastTissue,column,29,dbscan,0.268213715336592,0.268213715336592,True
Ecoli,column,29,dbscan,0.5010894136524796,0.5010894136524796,True
Glass,column,29,dbscan,0.24529364187700725,0.24529364187700725,True
Haberman,column,29,gaussian,0.10399787130992173,0.10399787130992173,True
Iris,column,29,spectral_clustering,0.5681159420289855,0.5681159420289855,True
Parkinsons,column,29,gaussian,0.05135036104397965,0.12184138103577684,True
Transfusion,column,29,gaussian,-0.025966307032627495,0.049307516673566074,True
Vehicle,column,29,spectral_clustering,0.10856510836798841,0.08690505725752318,True
VertebralColumn,column,29,dbscan,0.3668643110201198,0.3668643110201198,True
WineQualityRed,column,29,gaussian,0.07156361403198366,0.08873998380755939,False
